kamddal,kamal,kamal
kamddal,kamal,kamal
kamddal,kamal,kamal
kamddal,kamal,kamal
kamddal,kamal,kamal
kamddal,kamal,kamal
kamddal,kamal,kamal
kamddal,kamal,kamal
kamddal,kamal,kamal
kamddal,kamal,kamal
kamddal,kamal,kamal
kamddal,kamal,kamal
kamddal,kamal,kamal
kamddal,kamal,kamal
kamddal,kamal,kamal
kamddal,kamal,kamal
kamddal,kamal,kamal
kamddal,kamal,kamal
kamddal,kamal,kamal
kamddal,kamal,kamal
kamddal,kamal,kamal
kamddal,kamal,kamal
kamddal,kamal,kamal
kamddal,kamal,kamal
kamddal,kamal,kamal
kamddal,kamal,kamal
kamddal,kamal,kamal
kamddal,kamal,kamal
kamddal,kamal,kamal
kamddal,kamal,kamal
kamddal,kamal,kamal
kamddal,kamal,kamal
kamddal,kamal,kamal
kamddal,kamal,kamal
kamddal,kamal,kamal
kamddal,kamal,kamal
kamddal,kamal,kamal
kamddal,kamal,kamal
kamddal,kamal,kamal
kamddal,kamal,kamal
kamddal,kamal,kamal
kamddal,kamal,kamal
kamddal,kamal,kamal
kamddal,kamal,kamal
kamddal,kamal,kamal
kamddal,kamal,kamal
kamddal,kamal,kamal
kamddal,kamal,kamal
kamddal,kamal,kamal
kamddal,kamal,kamal
